{"cameraMode":{"drawMode":0,"name":"Shaded","section":"Shading Mode"},"sceneLighting":false,"audioPlay":false,"sceneViewState":{"showFog":true,"showMaterialUpdate":true,"showSkybox":true,"showFlares":true,"showImageEffects":true,"showParticleSystems":true},"in2DMode":false,"pivot":{"x":10.822311401367188,"y":3.0739097595214845,"z":58.53547668457031},"rotation":{"x":0.2939826548099518,"y":-0.633277177810669,"z":0.28297552466392519,"w":0.6576161980628967},"size":10.064517974853516,"orthographic":false}