{"cameraMode":{"drawMode":0,"name":"Shaded","section":"Shading Mode"},"sceneLighting":false,"audioPlay":false,"sceneViewState":{"showFog":true,"showMaterialUpdate":false,"showSkybox":true,"showFlares":true,"showImageEffects":true,"showParticleSystems":true},"in2DMode":false,"pivot":{"x":5.6520490646362309,"y":2.8004250526428224,"z":12.92184066772461},"rotation":{"x":-0.06344803422689438,"y":0.6552419662475586,"z":-0.055369798094034198,"w":-0.7507107257843018},"size":25.875282287597658,"orthographic":false}